Frase,Emocion
El dia de hoy me siento feliz,Felicidad
El dia de hoy me siento feliz,Felicidad
El dia de hoy me siento feliz,Felicidad
El dia de hoy me siento feliz,Felicidad
El dia de hoy me siento feliz,Felicidad
El dia de hoy me siento feliz,Felicidad
El dia de hoy me siento feliz,Felicidad
El dia de hoy me siento feliz,Felicidad
El dia de hoy me siento feliz,Felicidad
El dia de hoy me siento feliz,Felicidad
El dia de hoy me siento feliz,Felicidad
El dia de hoy me siento feliz,Felicidad
El dia de hoy me siento feliz,Felicidad
El dia de hoy me siento feliz,Felicidad
El dia de hoy me siento feliz,Felicidad
El dia de hoy me siento feliz,Felicidad
El dia de hoy me siento feliz,Felicidad
El dia de hoy me siento feliz,Felicidad
El dia de hoy me siento feliz,Felicidad
El dia de hoy me siento feliz,Felicidad
El dia de hoy me siento feliz,Felicidad
El dia de hoy me siento feliz,Felicidad
El dia de hoy me siento feliz,Felicidad
El dia de hoy me siento feliz,Felicidad
El dia de hoy me siento feliz,Felicidad
El dia de hoy me siento feliz,Felicidad
El dia de hoy me siento feliz,Felicidad
El dia de hoy me siento feliz,Felicidad
El dia de hoy me siento feliz,Felicidad
El dia de hoy me siento feliz,Felicidad
El dia de hoy me siento feliz,Felicidad
El dia de hoy me siento feliz,Felicidad
El dia de hoy me siento feliz,Felicidad
El dia de hoy me siento feliz,Felicidad
El dia de hoy me siento feliz,Felicidad
El dia de hoy me siento feliz,Felicidad
El dia de hoy me siento feliz,Felicidad
El dia de hoy me siento feliz,Felicidad
El dia de hoy me siento feliz,Felicidad
El dia de hoy me siento feliz,Felicidad
El dia de hoy me siento feliz,Felicidad
El dia de hoy me siento feliz,Felicidad
El dia de hoy me siento feliz,Felicidad
El dia de hoy me siento feliz,Felicidad
El dia de hoy me siento feliz,Felicidad
El dia de hoy me siento feliz,Felicidad
El dia de hoy me siento feliz,Felicidad
El dia de hoy me siento feliz,Felicidad
El dia de hoy me siento feliz,Felicidad
El dia de hoy me siento feliz,Felicidad
El dia de hoy me siento feliz,Felicidad
El dia de hoy me siento feliz,Felicidad
El dia de hoy me siento feliz,Felicidad
El dia de hoy me siento feliz,Felicidad
El dia de hoy me siento feliz,Felicidad
El dia de hoy me siento feliz,Felicidad
El dia de hoy me siento feliz,Felicidad
El dia de hoy me siento feliz,Felicidad
El dia de hoy me siento feliz,Felicidad
El dia de hoy me siento feliz,Felicidad
El dia de hoy me siento feliz,Felicidad
El dia de hoy me siento feliz,Felicidad
El dia de hoy me siento feliz,Felicidad
El dia de hoy me siento feliz,Felicidad
El dia de hoy me siento feliz,Felicidad
El dia de hoy me siento feliz,Felicidad
El dia de hoy me siento feliz,Felicidad
El dia de hoy me siento feliz,Felicidad
El dia de hoy me siento feliz,Felicidad
El dia de hoy me siento feliz,Felicidad
El dia de hoy me siento feliz,Felicidad
El dia de hoy me siento feliz,Felicidad
El dia de hoy me siento feliz,Felicidad
El dia de hoy me siento feliz,Felicidad
El dia de hoy me siento feliz,Felicidad
El dia de hoy me siento feliz,Felicidad
El dia de hoy me siento feliz,Felicidad
El dia de hoy me siento feliz,Felicidad
El dia de hoy me siento feliz,Felicidad
El dia de hoy me siento feliz,Felicidad
El dia de hoy me siento feliz,Felicidad
El dia de hoy me siento feliz,Felicidad
El dia de hoy me siento feliz,Felicidad
El dia de hoy me siento feliz,Felicidad
El dia de hoy me siento feliz,Felicidad
El dia de hoy me siento feliz,Felicidad
El dia de hoy me siento feliz,Felicidad
El dia de hoy me siento feliz,Felicidad
El dia de hoy me siento feliz,Felicidad
El dia de hoy me siento feliz,Felicidad
El dia de hoy me siento feliz,Felicidad
El dia de hoy me siento feliz,Felicidad
El dia de hoy me siento feliz,Felicidad
El dia de hoy me siento feliz,Felicidad
El dia de hoy me siento feliz,Felicidad
El dia de hoy me siento feliz,Felicidad
El dia de hoy me siento feliz,Felicidad
El dia de hoy me siento feliz,Felicidad
El dia de hoy me siento feliz,Felicidad
El dia de hoy me siento feliz,Felicidad
El dia de hoy me siento feliz,Felicidad
El dia de hoy me siento feliz,Felicidad
El dia de hoy me siento feliz,Felicidad
El dia de hoy me siento feliz,Felicidad
El dia de hoy me siento feliz,Felicidad
El dia de hoy me siento feliz,Felicidad
El dia de hoy me siento feliz,Felicidad
El dia de hoy me siento feliz,Felicidad
El dia de hoy me siento feliz,Felicidad
El dia de hoy me siento feliz,Felicidad
El dia de hoy me siento feliz,Felicidad
El dia de hoy me siento feliz,Felicidad
El dia de hoy me siento feliz,Felicidad
El dia de hoy me siento feliz,Felicidad
El dia de hoy me siento feliz,Felicidad
El dia de hoy me siento feliz,Felicidad
El dia de hoy me siento feliz,Felicidad
El dia de hoy me siento feliz,Felicidad
El dia de hoy me siento feliz,Felicidad
El dia de hoy me siento feliz,Felicidad
El dia de hoy me siento feliz,Felicidad
El dia de hoy me siento feliz,Felicidad
El dia de hoy me siento feliz,Felicidad
El dia de hoy me siento feliz,Felicidad
El dia de hoy me siento feliz,Felicidad
El dia de hoy me siento feliz,Felicidad
El dia de hoy me siento feliz,Felicidad
El dia de hoy me siento feliz,Felicidad
El dia de hoy me siento feliz,Felicidad
El dia de hoy me siento feliz,Felicidad
El dia de hoy me siento feliz,Felicidad
El dia de hoy me siento feliz,Felicidad
El dia de hoy me siento feliz,Felicidad
El dia de hoy me siento feliz,Felicidad
El dia de hoy me siento feliz,Felicidad
El dia de hoy me siento feliz,Felicidad
El dia de hoy me siento feliz,Felicidad
El dia de hoy me siento feliz,Felicidad
El dia de hoy me siento feliz,Felicidad
El dia de hoy me siento feliz,Felicidad
El dia de hoy me siento feliz,Felicidad
El dia de hoy me siento feliz,Felicidad
El dia de hoy me siento feliz,Felicidad
El dia de hoy me siento feliz,Felicidad
El dia de hoy me siento feliz,Felicidad
El dia de hoy me siento feliz,Felicidad
El dia de hoy me siento feliz,Felicidad
El dia de hoy me siento feliz,Felicidad
El dia de hoy me siento feliz,Felicidad
El dia de hoy me siento feliz,Felicidad
El dia de hoy me siento feliz,Felicidad
El dia de hoy me siento feliz,Felicidad
El dia de hoy me siento feliz,Felicidad
El dia de hoy me siento feliz,Felicidad
El dia de hoy me siento feliz,Felicidad
El dia de hoy me siento feliz,Felicidad
El dia de hoy me siento feliz,Felicidad
El dia de hoy me siento feliz,Felicidad
El dia de hoy me siento feliz,Felicidad
El dia de hoy me siento feliz,Felicidad
El dia de hoy me siento feliz,Felicidad
El dia de hoy me siento feliz,Felicidad
El dia de hoy me siento feliz,Felicidad
El dia de hoy me siento feliz,Felicidad
El dia de hoy me siento feliz,Felicidad
El dia de hoy me siento feliz,Felicidad
El dia de hoy me siento feliz,Felicidad
El dia de hoy me siento feliz,Felicidad
El dia de hoy me siento feliz,Felicidad
El dia de hoy me siento feliz,Felicidad
El dia de hoy me siento feliz,Felicidad
El dia de hoy me siento feliz,Felicidad
El dia de hoy me siento feliz,Felicidad
El dia de hoy me siento feliz,Felicidad
El dia de hoy me siento feliz,Felicidad
El dia de hoy me siento feliz,Felicidad
El dia de hoy me siento feliz,Felicidad
El dia de hoy me siento feliz,Felicidad
El dia de hoy me siento feliz,Felicidad
El dia de hoy me siento feliz,Felicidad
El dia de hoy me siento feliz,Felicidad
El dia de hoy me siento feliz,Felicidad
El dia de hoy me siento feliz,Felicidad
El dia de hoy me siento feliz,Felicidad
El dia de hoy me siento feliz,Felicidad
El dia de hoy me siento feliz,Felicidad
El dia de hoy me siento feliz,Felicidad
El dia de hoy me siento feliz,Felicidad
El dia de hoy me siento feliz,Felicidad
El dia de hoy me siento feliz,Felicidad
El dia de hoy me siento feliz,Felicidad
El dia de hoy me siento feliz,Felicidad
El dia de hoy me siento feliz,Felicidad
El dia de hoy me siento feliz,Felicidad
El dia de hoy me siento feliz,Felicidad
El dia de hoy me siento feliz,Felicidad
El dia de hoy me siento feliz,Felicidad
El dia de hoy me siento feliz,Felicidad
El dia de hoy me siento feliz,Felicidad
El dia de hoy me siento feliz,Felicidad
El dia de hoy me siento feliz,Felicidad
El dia de hoy me siento feliz,Felicidad
El dia de hoy me siento feliz,Felicidad
El dia de hoy me siento feliz,Felicidad
El dia de hoy me siento feliz,Felicidad
El dia de hoy me siento feliz,Felicidad
El dia de hoy me siento feliz,Felicidad
El dia de hoy me siento feliz,Felicidad
El dia de hoy me siento feliz,Felicidad
El dia de hoy me siento feliz,Felicidad
El dia de hoy me siento feliz,Felicidad
El dia de hoy me siento feliz,Felicidad
El dia de hoy me siento feliz,Felicidad
El dia de hoy me siento feliz,Felicidad
El dia de hoy me siento feliz,Felicidad
El dia de hoy me siento feliz,Felicidad
El dia de hoy me siento feliz,Felicidad
El dia de hoy me siento feliz,Felicidad
El dia de hoy me siento feliz,Felicidad
El dia de hoy me siento feliz,Felicidad
El dia de hoy me siento feliz,Felicidad
El dia de hoy me siento feliz,Felicidad
El dia de hoy me siento feliz,Felicidad
El dia de hoy me siento feliz,Felicidad
El dia de hoy me siento feliz,Felicidad
El dia de hoy me siento feliz,Felicidad
El dia de hoy me siento feliz,Felicidad
El dia de hoy me siento feliz,Felicidad
El dia de hoy me siento feliz,Felicidad
El dia de hoy me siento feliz,Felicidad
El dia de hoy me siento feliz,Felicidad
El dia de hoy me siento feliz,Felicidad
El dia de hoy me siento feliz,Felicidad
El dia de hoy me siento feliz,Felicidad
El dia de hoy me siento feliz,Felicidad
El dia de hoy me siento feliz,Felicidad
El dia de hoy me siento feliz,Felicidad
El dia de hoy me siento feliz,Felicidad
El dia de hoy me siento feliz,Felicidad
El dia de hoy me siento feliz,Felicidad
El dia de hoy me siento feliz,Felicidad
El dia de hoy me siento feliz,Felicidad
El dia de hoy me siento feliz,Felicidad
El dia de hoy me siento feliz,Felicidad
El dia de hoy me siento feliz,Felicidad
El dia de hoy me siento feliz,Felicidad
El dia de hoy me siento feliz,Felicidad
El dia de hoy me siento feliz,Felicidad
El dia de hoy me siento feliz,Felicidad
El dia de hoy me siento feliz,Felicidad
El dia de hoy me siento feliz,Felicidad
El dia de hoy me siento feliz,Felicidad
El dia de hoy me siento feliz,Felicidad
El dia de hoy me siento feliz,Felicidad
El dia de hoy me siento feliz,Felicidad
El dia de hoy me siento feliz,Felicidad
El dia de hoy me siento feliz,Felicidad
El dia de hoy me siento feliz,Felicidad
El dia de hoy me siento feliz,Felicidad
El dia de hoy me siento feliz,Felicidad
El dia de hoy me siento feliz,Felicidad
El dia de hoy me siento feliz,Felicidad
El dia de hoy me siento feliz,Felicidad
El dia de hoy me siento feliz,Felicidad
El dia de hoy me siento feliz,Felicidad
El dia de hoy me siento feliz,Felicidad
El dia de hoy me siento feliz,Felicidad
El dia de hoy me siento feliz,Felicidad
El dia de hoy me siento feliz,Felicidad
El dia de hoy me siento feliz,Felicidad
El dia de hoy me siento feliz,Felicidad
El dia de hoy me siento feliz,Felicidad
¡Hola asistente! Estoy tan feliz de hablar contigo,Felicidad
La alegría llena mi corazón hoy,Felicidad
Cada día es una oportunidad para la felicidad,Felicidad
Me siento alegre y agradecido por la vida,Felicidad
La sonrisa es mi accesorio favorito,Felicidad
¡Qué día tan maravilloso para ser feliz!,Felicidad
Estoy rodeado de cosas que me hacen feliz,Felicidad
La felicidad es contagiosa ¡así que comparte una sonrisa!,Felicidad
En este momento estoy disfrutando plenamente de la vida,Felicidad
Mi corazón está lleno de gratitud y alegría,Felicidad
Cada pequeño logro me llena de felicidad,Felicidad
La felicidad está en las pequeñas cosas de la vida,Felicidad
¡Estoy radiante de felicidad hoy!,Felicidad
Hoy el sol brilla especialmente para mí,Felicidad
Disfruto cada momento como si fuera el último,Felicidad
La risa es mi medicina favorita,Felicidad
Mi corazón rebosa de alegría y positividad,Felicidad
La felicidad es una elección que hago todos los días,Felicidad
Estoy rodeado de personas que me hacen feliz,Felicidad
La vida es un regalo y estoy agradecido por cada momento,Felicidad
La felicidad se encuentra en apreciar lo que ya tienes,Felicidad
Cada día es una nueva oportunidad para ser feliz,Felicidad
Hoy mis pensamientos están llenos de optimismo y alegría,Felicidad
La gratitud es la llave de la felicidad duradera,Felicidad
Soy la versión más feliz de mí mismo,Felicidad
Estoy lleno de energía positiva y felicidad,Felicidad
La felicidad es un viaje no un destino,Felicidad
Me siento afortunado y agradecido por la vida que tengo,Felicidad
Cada día es una razón para celebrar la felicidad,Felicidad
La sonrisa es mi tarjeta de presentación,Felicidad
Estoy rodeado de amor y momentos alegres,Felicidad
La felicidad es el mejor maquillaje,Felicidad
La alegría de vivir se refleja en mi actitud positiva,Felicidad
Cada día es una oportunidad para crear momentos felices,Felicidad
La felicidad está en apreciar las cosas simples,Felicidad
Hoy el día está lleno de posibilidades felices,Felicidad
La vida es corta así que elijo ser feliz,Felicidad
Mi corazón rebosa de amor y felicidad,Felicidad
Cada logro me acerca a la realización de mis sueños,Felicidad
La felicidad es la mejor terapia,Felicidad
Estoy agradecido por todas las cosas que me hacen feliz,Felicidad
Mi corazón late al ritmo de la felicidad,Felicidad
Estoy rodeado de vibraciones positivas,Felicidad
La felicidad es mi estado natural,Felicidad
Disfruto cada momento con una sonrisa en mi rostro,Felicidad
Mi día está lleno de momentos que me llenan de alegría,Felicidad
La gratitud multiplica la felicidad,Felicidad
Hoy elijo la alegría el amor y la gratitud,Felicidad
Mi corazón está lleno de felicidad y amor propio,Felicidad
La vida es una celebración ¡y hoy celebro la felicidad!,Felicidad
¡Saludos asistente! Hoy estoy lleno de alegría,Felicidad
La felicidad es mi brújula en la vida,Felicidad
Cada día es una nueva razón para sonreír,Felicidad
Mi corazón late al ritmo de la felicidad,Felicidad
Estoy agradecido por las pequeñas cosas que me hacen feliz,Felicidad
La risa es la banda sonora de mi día,Felicidad
La felicidad es como un contagio positivo,Felicidad
Este momento es perfecto para ser feliz,Felicidad
La alegría fluye a través de mí como un río constante,Felicidad
Hoy elijo la felicidad y la dejo entrar,Felicidad
Mi vida está llena de momentos que alegran el corazón,Felicidad
La sonrisa es el mejor accesorio que puedo llevar,Felicidad
Cada día es una nueva aventura llena de felicidad,Felicidad
La gratitud transforma lo que tenemos en suficiente,Felicidad
La felicidad no es algo pospuesto para el futuro; es algo que diseñas para el presente,Felicidad
El optimismo es la clave de una vida feliz,Felicidad
Estoy rodeado de vibraciones positivas y buena energía,Felicidad
La felicidad no tiene un lugar fijo pero siempre está en mi corazón,Felicidad
La felicidad es como una mariposa cuanto más la persigues más elude,Felicidad
La vida está llena de sorpresas felices esperando ser descubiertas,Felicidad
Cada día es una página en blanco para escribir mi propia historia de felicidad,Felicidad
La verdadera felicidad radica en disfrutar del viaje no solo en llegar al destino,Felicidad
Mi corazón se llena de alegría cuando reflexiono sobre las cosas buenas de la vida,Felicidad
La felicidad es la luz que brilla desde adentro y ilumina mi camino,Felicidad
Hoy celebro la maravilla de estar vivo y lleno de felicidad,Felicidad
La alegría se encuentra en las conexiones genuinas y en los momentos compartidos,Felicidad
La felicidad es un regalo que me doy a mí mismo todos los días,Felicidad
Estoy agradecido por la paz y la felicidad que encuentro en la simplicidad,Felicidad
La risa es una forma instantánea de elevar el espíritu y dispersar la oscuridad,Felicidad
Cada amanecer es una oportunidad para empezar el día con gratitud y felicidad,Felicidad
La felicidad no es algo que se pospone para más tarde; es algo que se diseña para el ahora,Felicidad
Estoy en un viaje de felicidad y cada día es una nueva etapa emocionante,Felicidad
La sonrisa es el idioma universal de la felicidad,Felicidad
Hoy elijo concentrarme en las bendiciones que me hacen feliz,Felicidad
La alegría se multiplica cuando la compartes con los demás,Felicidad
Estoy agradecido por el regalo de otro día para experimentar la felicidad,Felicidad
La felicidad no es algo que encuentres es algo que creas,Felicidad
Mis pensamientos positivos generan una cascada de felicidad en mi vida,Felicidad
La felicidad es un estado mental que elijo cultivar cada día,Felicidad
La vida está llena de pequeñas alegrías esperando ser descubiertas,Felicidad
La gratitud es el imán que atrae la felicidad a mi vida,Felicidad
Hoy es un buen día para tener un buen día y ser feliz,Felicidad
Estoy rodeado de amor y momentos que llenan mi corazón de alegría,Felicidad
La felicidad no es tener lo que deseas es apreciar lo que tienes,Felicidad
La felicidad es un arte que practico con gratitud y amor,Felicidad
Cada día es una oportunidad para hacer algo que me haga feliz,Felicidad
La alegría está en los detalles cotidianos que a menudo pasamos por alto,Felicidad
Hoy elijo concentrarme en las bendiciones que me hacen feliz,Felicidad
La felicidad no se trata de tener sino de ser y disfrutar el momento presente,Felicidad
Hoy me siento triste,Tristeza
Hoy me siento triste,Tristeza
Hoy me siento triste,Tristeza
Hoy me siento triste,Tristeza
Hoy me siento triste,Tristeza
Hoy me siento triste,Tristeza
Hoy me siento triste,Tristeza
Hoy me siento triste,Tristeza
Hoy me siento triste,Tristeza
Hoy me siento triste,Tristeza
Hoy me siento triste,Tristeza
Hoy me siento triste,Tristeza
Hoy me siento triste,Tristeza
Hoy me siento triste,Tristeza
Hoy me siento triste,Tristeza
Hoy me siento triste,Tristeza
Hoy me siento triste,Tristeza
Hoy me siento triste,Tristeza
Hoy me siento triste,Tristeza
Hoy me siento triste,Tristeza
Hoy me siento triste,Tristeza
Hoy me siento triste,Tristeza
Hoy me siento triste,Tristeza
Hoy me siento triste,Tristeza
Hoy me siento triste,Tristeza
Hoy me siento triste,Tristeza
Hoy me siento triste,Tristeza
Hoy me siento triste,Tristeza
Hoy me siento triste,Tristeza
Hoy me siento triste,Tristeza
Hoy me siento triste,Tristeza
Hoy me siento triste,Tristeza
Hoy me siento triste,Tristeza
Hoy me siento triste,Tristeza
Hoy me siento triste,Tristeza
Hoy me siento triste,Tristeza
Hoy me siento triste,Tristeza
Hoy me siento triste,Tristeza
Hoy me siento triste,Tristeza
Hoy me siento triste,Tristeza
Hoy me siento triste,Tristeza
Hoy me siento triste,Tristeza
Hoy me siento triste,Tristeza
Hoy me siento triste,Tristeza
Hoy me siento triste,Tristeza
Hoy me siento triste,Tristeza
Hoy me siento triste,Tristeza
Hoy me siento triste,Tristeza
Hoy me siento triste,Tristeza
Hoy me siento triste,Tristeza
Hoy me siento triste,Tristeza
Hoy me siento triste,Tristeza
Hoy me siento triste,Tristeza
Hoy me siento triste,Tristeza
Hoy me siento triste,Tristeza
Hoy me siento triste,Tristeza
Hoy me siento triste,Tristeza
Hoy me siento triste,Tristeza
Hoy me siento triste,Tristeza
Hoy me siento triste,Tristeza
Hoy me siento triste,Tristeza
Hoy me siento triste,Tristeza
Hoy me siento triste,Tristeza
Hoy me siento triste,Tristeza
Hoy me siento triste,Tristeza
Hoy me siento triste,Tristeza
Hoy me siento triste,Tristeza
Hoy me siento triste,Tristeza
Hoy me siento triste,Tristeza
Hoy me siento triste,Tristeza
Hoy me siento triste,Tristeza
Hoy me siento triste,Tristeza
Hoy me siento triste,Tristeza
Hoy me siento triste,Tristeza
Hoy me siento triste,Tristeza
Hoy me siento triste,Tristeza
Hoy me siento triste,Tristeza
Hoy me siento triste,Tristeza
Hoy me siento triste,Tristeza
Hoy me siento triste,Tristeza
Hoy me siento triste,Tristeza
Hoy me siento triste,Tristeza
Hoy me siento triste,Tristeza
Hoy me siento triste,Tristeza
Hoy me siento triste,Tristeza
Hoy me siento triste,Tristeza
Hoy me siento triste,Tristeza
Hoy me siento triste,Tristeza
Hoy me siento triste,Tristeza
Hoy me siento triste,Tristeza
Hoy me siento triste,Tristeza
Hoy me siento triste,Tristeza
Hoy me siento triste,Tristeza
Hoy me siento triste,Tristeza
Hoy me siento triste,Tristeza
Hoy me siento triste,Tristeza
Hoy me siento triste,Tristeza
Hoy me siento triste,Tristeza
Hoy me siento triste,Tristeza
Hoy me siento triste,Tristeza
Hoy me siento triste,Tristeza
Hoy me siento triste,Tristeza
Hoy me siento triste,Tristeza
Hoy me siento triste,Tristeza
Hoy me siento triste,Tristeza
Hoy me siento triste,Tristeza
Hoy me siento triste,Tristeza
Hoy me siento triste,Tristeza
Hoy me siento triste,Tristeza
Hoy me siento triste,Tristeza
Hoy me siento triste,Tristeza
Hoy me siento triste,Tristeza
Hoy me siento triste,Tristeza
Hoy me siento triste,Tristeza
Hoy me siento triste,Tristeza
Hoy me siento triste,Tristeza
Hoy me siento triste,Tristeza
Hoy me siento triste,Tristeza
Hoy me siento triste,Tristeza
Hoy me siento triste,Tristeza
Hoy me siento triste,Tristeza
Hoy me siento triste,Tristeza
Hoy me siento triste,Tristeza
Hoy me siento triste,Tristeza
Hoy me siento triste,Tristeza
Hoy me siento triste,Tristeza
Hoy me siento triste,Tristeza
Hoy me siento triste,Tristeza
Hoy me siento triste,Tristeza
Hoy me siento triste,Tristeza
Hoy me siento triste,Tristeza
Hoy me siento triste,Tristeza
Hoy me siento triste,Tristeza
Hoy me siento triste,Tristeza
Hoy me siento triste,Tristeza
Hoy me siento triste,Tristeza
Hoy me siento triste,Tristeza
Hoy me siento triste,Tristeza
Hoy me siento triste,Tristeza
Hoy me siento triste,Tristeza
Hoy me siento triste,Tristeza
Hoy me siento triste,Tristeza
Hoy me siento triste,Tristeza
Hoy me siento triste,Tristeza
Hoy me siento triste,Tristeza
Hoy me siento triste,Tristeza
Hoy me siento triste,Tristeza
Hoy me siento triste,Tristeza
Hoy me siento triste,Tristeza
Hoy me siento triste,Tristeza
Hoy me siento triste,Tristeza
Hoy me siento triste,Tristeza
Hoy me siento triste,Tristeza
Hoy me siento triste,Tristeza
Hoy me siento triste,Tristeza
Hoy me siento triste,Tristeza
Hoy me siento triste,Tristeza
Hoy me siento triste,Tristeza
Hoy me siento triste,Tristeza
Hoy me siento triste,Tristeza
Hoy me siento triste,Tristeza
Hoy me siento triste,Tristeza
Hoy me siento triste,Tristeza
Hoy me siento triste,Tristeza
Hoy me siento triste,Tristeza
Hoy me siento triste,Tristeza
Hoy me siento triste,Tristeza
Hoy me siento triste,Tristeza
Hoy me siento triste,Tristeza
Hoy me siento triste,Tristeza
Hoy me siento triste,Tristeza
Hoy me siento triste,Tristeza
Hoy me siento triste,Tristeza
Hoy me siento triste,Tristeza
Hoy me siento triste,Tristeza
Hoy me siento triste,Tristeza
Hoy me siento triste,Tristeza
Hoy me siento triste,Tristeza
Hoy me siento triste,Tristeza
Hoy me siento triste,Tristeza
Hoy me siento triste,Tristeza
Hoy me siento triste,Tristeza
Hoy me siento triste,Tristeza
Hoy me siento triste,Tristeza
Hoy me siento triste,Tristeza
Hoy me siento triste,Tristeza
Hoy me siento triste,Tristeza
Hoy me siento triste,Tristeza
Hoy me siento triste,Tristeza
Hoy me siento triste,Tristeza
Hoy me siento triste,Tristeza
Hoy me siento triste,Tristeza
Hoy me siento triste,Tristeza
Hoy me siento triste,Tristeza
Hoy me siento triste,Tristeza
Hoy me siento triste,Tristeza
Hoy me siento triste,Tristeza
Hoy me siento triste,Tristeza
Hoy me siento triste,Tristeza
Hoy me siento triste,Tristeza
Hoy me siento triste,Tristeza
Hoy me siento triste,Tristeza
Hoy me siento triste,Tristeza
Hoy me siento triste,Tristeza
Hoy me siento triste,Tristeza
Hoy me siento triste,Tristeza
Hoy me siento triste,Tristeza
Hoy me siento triste,Tristeza
Hoy me siento triste,Tristeza
Hoy me siento triste,Tristeza
Hoy me siento triste,Tristeza
Hoy me siento triste,Tristeza
Hoy me siento triste,Tristeza
Hoy me siento triste,Tristeza
Hoy me siento triste,Tristeza
Hoy me siento triste,Tristeza
Hoy me siento triste,Tristeza
Hoy me siento triste,Tristeza
Hoy me siento triste,Tristeza
Hoy me siento triste,Tristeza
Hoy me siento triste,Tristeza
Hoy me siento triste,Tristeza
Hoy me siento triste,Tristeza
Hoy me siento triste,Tristeza
Hoy me siento triste,Tristeza
Hoy me siento triste,Tristeza
Hoy me siento triste,Tristeza
Hoy me siento triste,Tristeza
Hoy me siento triste,Tristeza
Hoy me siento triste,Tristeza
Hoy me siento triste,Tristeza
Hoy me siento triste,Tristeza
Hoy me siento triste,Tristeza
Hoy me siento triste,Tristeza
Hoy me siento triste,Tristeza
Hoy me siento triste,Tristeza
Hoy me siento triste,Tristeza
Hoy me siento triste,Tristeza
Hoy me siento triste,Tristeza
Hoy me siento triste,Tristeza
Hoy me siento triste,Tristeza
Hoy me siento triste,Tristeza
Hoy me siento triste,Tristeza
Hoy me siento triste,Tristeza
Hoy me siento triste,Tristeza
Hoy me siento triste,Tristeza
Hoy me siento triste,Tristeza
Hoy me siento triste,Tristeza
Hoy me siento triste,Tristeza
Hoy me siento triste,Tristeza
Hoy me siento triste,Tristeza
Hoy me siento triste,Tristeza
Hoy me siento triste,Tristeza
Hoy me siento triste,Tristeza
Hoy me siento triste,Tristeza
Hoy me siento triste,Tristeza
Hoy me siento triste,Tristeza
Hoy me siento triste,Tristeza
Hoy me siento triste,Tristeza
Hoy me siento triste,Tristeza
Hoy me siento triste,Tristeza
Hoy me siento triste,Tristeza
Hoy me siento triste,Tristeza
Hoy me siento triste,Tristeza
Hoy me siento triste,Tristeza
Hoy me siento triste,Tristeza
Hoy me siento triste,Tristeza
Hoy me siento triste,Tristeza
Hoy me siento triste,Tristeza
Hoy me siento triste,Tristeza
Hoy me siento triste,Tristeza
Hoy me siento triste,Tristeza
Hoy me siento triste,Tristeza
Hoy me siento triste,Tristeza
Hoy me siento triste,Tristeza
Hoy me siento triste,Tristeza
Hoy me siento triste,Tristeza
Hoy me siento triste,Tristeza
Hoy me siento triste,Tristeza
Hoy me siento triste,Tristeza
Hoy me siento triste,Tristeza
Hoy me siento triste,Tristeza
Hoy me siento triste,Tristeza
Hoy me siento triste,Tristeza
Hoy me siento triste,Tristeza
Hoy me siento triste,Tristeza
Hoy me siento triste,Tristeza
Hoy me siento triste,Tristeza
Hoy me siento triste,Tristeza
Hoy me siento triste,Tristeza
Hoy me siento triste,Tristeza
Hoy me siento triste,Tristeza
Hoy me siento triste,Tristeza
Hoy me siento triste,Tristeza
Hoy me siento triste,Tristeza
Hoy me siento triste,Tristeza
Hoy me siento triste,Tristeza
Hoy me siento triste,Tristeza
Hoy me siento triste,Tristeza
Hoy me siento triste,Tristeza
Hoy me siento triste,Tristeza
Hoy me siento triste,Tristeza
Hoy me siento triste,Tristeza
Hoy me siento triste,Tristeza
Hoy me siento triste,Tristeza
Hoy me siento triste,Tristeza
Hoy me siento triste,Tristeza
Hoy me siento triste,Tristeza
Hoy me siento triste,Tristeza
Hoy me siento triste,Tristeza
Hoy me siento triste,Tristeza
Hoy me siento triste,Tristeza
Hoy me siento triste,Tristeza
Hoy me siento triste,Tristeza
Hoy me siento triste,Tristeza
Hoy me siento triste,Tristeza
Hoy me siento triste,Tristeza
Hoy me siento triste,Tristeza
Hoy me siento triste,Tristeza
Hoy me siento triste,Tristeza
Hoy me siento triste,Tristeza
Hoy me siento triste,Tristeza
Hoy me siento triste,Tristeza
Hoy me siento triste,Tristeza
Hoy me siento triste,Tristeza
Hoy me siento triste,Tristeza
Hoy me siento triste,Tristeza
Hoy me siento triste,Tristeza
Hoy me siento triste,Tristeza
Hoy me siento triste,Tristeza
Hoy me siento triste,Tristeza
Hoy me siento triste,Tristeza
Hoy me siento triste,Tristeza
Hoy me siento triste,Tristeza
Hoy me siento triste,Tristeza
Hoy me siento triste,Tristeza
Hoy me siento triste,Tristeza
Hoy me siento triste,Tristeza
Hoy me siento triste,Tristeza
Hoy me siento triste,Tristeza
Hoy me siento triste,Tristeza
Hoy me siento triste,Tristeza
Hoy me siento triste,Tristeza
Hoy me siento triste,Tristeza
Hoy me siento triste,Tristeza
Hoy me siento triste,Tristeza
Hoy me siento triste,Tristeza
Hoy me siento triste,Tristeza
Hoy me siento triste,Tristeza
Hoy me siento triste,Tristeza
Hoy me siento triste,Tristeza
Hoy me siento triste,Tristeza
Hoy me siento triste,Tristeza
Hoy me siento triste,Tristeza
Hoy me siento triste,Tristeza
Hoy me siento triste,Tristeza
Hoy me siento triste,Tristeza
Hoy me siento triste,Tristeza
Hoy me siento triste,Tristeza
Hoy me siento triste,Tristeza
Hoy me siento triste,Tristeza
Hoy me siento triste,Tristeza
Hoy me siento triste,Tristeza
Hoy me siento triste,Tristeza
Hoy me siento triste,Tristeza
Hoy me siento triste,Tristeza
Hoy me siento triste,Tristeza
Hoy me siento triste,Tristeza
Hoy me siento triste,Tristeza
Hoy me siento triste,Tristeza
Hoy me siento triste,Tristeza
Hoy me siento triste,Tristeza
Hoy me siento triste,Tristeza
Hoy me siento triste,Tristeza
Hoy me siento triste,Tristeza
Hoy me siento triste,Tristeza
Hoy me siento triste,Tristeza
Hoy me siento triste,Tristeza
Hoy me siento triste,Tristeza
Hoy me siento triste,Tristeza
Hoy me siento triste,Tristeza
Hoy me siento triste,Tristeza
Hoy me siento triste,Tristeza
Hoy me siento triste,Tristeza
Hoy me siento triste,Tristeza
Hoy me siento triste,Tristeza
Hoy me siento triste,Tristeza
Hoy me siento triste,Tristeza
Hoy me siento triste,Tristeza
Hoy me siento triste,Tristeza
Hoy me siento triste,Tristeza
Hoy me siento triste,Tristeza
Hoy me siento triste,Tristeza
Hoy me siento triste,Tristeza
Hoy me siento triste,Tristeza
Hoy me siento triste,Tristeza
Hoy me siento triste,Tristeza
Hoy me siento triste,Tristeza
Hoy me siento triste,Tristeza
Hoy me siento triste,Tristeza
Estoy pasando por un día triste,Tristeza
No estoy de ánimo hoy me siento triste,Tristeza
Me embarga la tristeza en este día,Tristeza
Estoy experimentando tristeza hoy,Tristeza
Hoy me siento abatido,Tristeza
Hoy me siento abatida,Tristeza
Se me hace difícil sonreír hoy me siento triste,Tristeza
No me encuentro bien emocionalmente estoy triste,Tristeza
Hoy tengo un sentimiento de tristeza que no puedo evitar,Tristeza
Mi estado de ánimo hoy es tristeza,Tristeza
En este momento me embarga la tristeza,Tristeza
Hoy me encuentro melancólico,Tristeza
Estoy deprimido hoy,Tristeza
Siento un peso en el corazón en este día,Tristeza
Hoy estoy experimentando una profunda tristeza,Tristeza
No logro sacudirme la tristeza de encima hoy,Tristeza
Mi ánimo está por los suelos en este dí,Tristeza
Hoy me siento con el ánimo bajo,Tristeza
No encuentro consuelo hoy me siento triste,Tristeza
Estoy pasando por un día de gran melancolía,Tristeza
El día de hoy me embarga la tristeza más profunda,Tristeza
Hoy me siento sumido en la tristeza,Tristeza
Hoy me siento sumida en la tristeza,Tristeza
No encuentro motivos para sonreír hoy me siento triste,Tristeza
Estoy atravesando un día de gran pesar emocional,Tristeza
Mi corazón está cargado de tristeza en este día,Tristeza
Hoy me siento abrumado por la tristeza,Tristeza
La melancolía me ha invadido por completo hoy,Tristeza
Hoy me encuentro en un estado de ánimo muy bajo,Tristeza
Siento un nudo en la garganta por la tristeza que me embarga hoy,Tristeza
Estoy teniendo un día muy difícil emocionalmente me siento triste,Tristeza
En este preciso instante me embarga una profunda tristeza,Tristeza
Ahora mismo me siento abatido y melancolico,Tristeza
En el presente momento estoy experimentando una gran tristeza,Tristeza
Siento un peso en el corazón en este mismo momento,Tristeza
En este instante mi ánimo está por los suelos,Tristeza
Ahora mismo me encuentro sumido en la tristeza mas profunda,Tristeza
En este momento exacto la melancolía me ha invadido por completo,Tristeza
Siento un profundo dolor emocional en este mismo momento,Tristeza
Ahora mismo estoy teniendo dificultades para encontrar consuelo,Tristeza
En este mismo instante me siento triste y desanimado,Tristeza
En estos momentos me embarga una sensacion de tristeza,Tristeza
Estoy experimentando una profunda tristeza en este mismo instante,Tristeza
Ahora mismo me siento sumido en la melancolia,Tristeza
Ahora mismo me siento sumida en la melancolia,Tristeza
En este momento preciso mi animo esta bajo,Tristeza
Siento un peso en el corazon en estos momentos,Tristeza
En este instante me encuentro abatido emocionalmente,Tristeza
Estoy pasando por un momento de gran tristeza en estos momentos,Tristeza
La separación me ha dejado un profundo dolor en el corazon,Tristeza
Siento un vacio enorme desde que mi pareja se fue,Tristeza
Cada dia se vuelve mas dificil lidiar con la tristeza de la ruptura,Tristeza
Extraño profundamente a mi ex pareja y la tristeza no me abandona,Tristeza
La perdida de nuestra relación ha dejado un hueco en mi vida,Tristeza
La tristeza es abrumadora al recordar los momentos compartidos juntos,Tristeza
Me invade una profunda tristeza al pensar en el final de nuestra historia,Tristeza
La ruptura me ha dejado con un corazón roto y lleno de tristeza,Tristeza
Me siento desanimado y triste por no sentirme suficiente en mi trabajo y por el trato de mi jefe,Tristeza
La falta de reconocimiento y el trato injusto de mi jefe me llena de tristeza,Tristeza
La sensacion de no ser valorado en el trabajo y el trato poco amable de mi jefe me afectan emocionalmente,Tristeza
Cada dia se hace mas difícil lidiar con la tristeza de no sentirme lo suficientemente valorado en mi trabajo,Tristeza
La insatisfaccion laboral y el trato desconsiderado de mi jefe me generan una profunda tristeza,Tristeza
La falta de aprecio y el trato injusto en el trabajo me deja con un sentimiento de tristeza constante,Tristeza
La sensacion de no poder cumplir con las expectativas en el trabajo y el trato negativo de mi jefe me entristecen,Tristeza
La falta de reconocimiento y el trato poco profesional de mi jefe me hacen sentir desalentado y triste,Tristeza
Me siento abatido por no poder alcanzar las expectativas en mi trabajo y por el trato injusto que recibo,Tristeza
La tristeza me embarga al pensar en la falta de oportunidades y el trato poco amable que experimento en mi trabajo,Tristeza
Hoy me encuentro triste,Tristeza
Estoy sintiendo tristeza en este dia,Tristeza
Me siento afligido hoy,Tristeza
Hoy me embarga la tristeza,Tristeza
Estoy pasando por un dia triste emocionalmente,Tristeza
Hoy tengo el corazon pesado,Tristeza
Me siento abatido hoy,Tristeza
Hoy estoy experimentando un sentimiento de tristeza profunda,Tristeza
Mi animo esta bajo hoy,Tristeza
Hoy me siento melancolico,Tristeza
Estoy experimentando una fuerte sensacion de ansiedad hoy,Ansiedad
Me siento bastante ansioso en este momento,Ansiedad
Me siento bastante ansioso en este momento,Ansiedad
Me siento bastante ansioso en este momento,Ansiedad
Me siento bastante ansioso en este momento,Ansiedad
Me siento bastante ansioso en este momento,Ansiedad
Me siento bastante ansioso en este momento,Ansiedad
Me siento bastante ansioso en este momento,Ansiedad
Me siento bastante ansioso en este momento,Ansiedad
Me siento bastante ansioso en este momento,Ansiedad
Me siento bastante ansioso en este momento,Ansiedad
Me siento bastante ansioso en este momento,Ansiedad
Me siento bastante ansioso en este momento,Ansiedad
Me siento bastante ansioso en este momento,Ansiedad
Me siento bastante ansioso en este momento,Ansiedad
Me siento bastante ansioso en este momento,Ansiedad
Me siento bastante ansioso en este momento,Ansiedad
Me siento bastante ansioso en este momento,Ansiedad
Me siento bastante ansioso en este momento,Ansiedad
Me siento bastante ansioso en este momento,Ansiedad
Me siento bastante ansioso en este momento,Ansiedad
Me siento bastante ansioso en este momento,Ansiedad
Me siento bastante ansioso en este momento,Ansiedad
Me siento bastante ansioso en este momento,Ansiedad
Me siento bastante ansioso en este momento,Ansiedad
Me siento bastante ansioso en este momento,Ansiedad
Me siento bastante ansioso en este momento,Ansiedad
Me siento bastante ansioso en este momento,Ansiedad
Me siento bastante ansioso en este momento,Ansiedad
Me siento bastante ansioso en este momento,Ansiedad
Me siento bastante ansioso en este momento,Ansiedad
Me siento bastante ansioso en este momento,Ansiedad
Me siento bastante ansioso en este momento,Ansiedad
Me siento bastante ansioso en este momento,Ansiedad
Me siento bastante ansioso en este momento,Ansiedad
Me siento bastante ansiosa en este momento,Ansiedad
Me siento bastante ansioso en este momento,Ansiedad
Me siento bastante ansioso en este momento,Ansiedad
Me siento bastante ansioso en este momento,Ansiedad
Me siento bastante ansioso en este momento,Ansiedad
Me siento bastante ansioso en este momento,Ansiedad
Me siento bastante ansioso en este momento,Ansiedad
Me siento bastante ansioso en este momento,Ansiedad
Me siento bastante ansioso en este momento,Ansiedad
Me siento bastante ansioso en este momento,Ansiedad
Me siento bastante ansioso en este momento,Ansiedad
Me siento bastante ansioso en este momento,Ansiedad
Me siento bastante ansioso en este momento,Ansiedad
Me siento bastante ansioso en este momento,Ansiedad
Me siento bastante ansioso en este momento,Ansiedad
Me siento bastante ansioso en este momento,Ansiedad
Me siento bastante ansioso en este momento,Ansiedad
Me siento bastante ansioso en este momento,Ansiedad
Me siento bastante ansioso en este momento,Ansiedad
Me siento bastante ansioso en este momento,Ansiedad
Me siento bastante ansioso en este momento,Ansiedad
Me siento bastante ansioso en este momento,Ansiedad
Me siento bastante ansioso en este momento,Ansiedad
Me siento bastante ansioso en este momento,Ansiedad
Me siento bastante ansioso en este momento,Ansiedad
Me siento bastante ansioso en este momento,Ansiedad
Me siento bastante ansioso en este momento,Ansiedad
Me siento bastante ansioso en este momento,Ansiedad
Me siento bastante ansioso en este momento,Ansiedad
Me siento bastante ansioso en este momento,Ansiedad
Me siento bastante ansioso en este momento,Ansiedad
Me siento bastante ansioso en este momento,Ansiedad
Me siento bastante ansioso en este momento,Ansiedad
Me siento bastante ansioso en este momento,Ansiedad
Me siento bastante ansioso en este momento,Ansiedad
Me siento bastante ansiosa en este momento,Ansiedad
Me siento bastante ansioso en este momento,Ansiedad
Me siento bastante ansioso en este momento,Ansiedad
Me siento bastante ansioso en este momento,Ansiedad
Me siento bastante ansioso en este momento,Ansiedad
Me siento bastante ansioso en este momento,Ansiedad
Me siento bastante ansioso en este momento,Ansiedad
Me siento bastante ansioso en este momento,Ansiedad
Me siento bastante ansioso en este momento,Ansiedad
Me siento bastante ansioso en este momento,Ansiedad
Me siento bastante ansioso en este momento,Ansiedad
Me siento bastante ansioso en este momento,Ansiedad
Me siento bastante ansioso en este momento,Ansiedad
Me siento bastante ansioso en este momento,Ansiedad
Me siento bastante ansioso en este momento,Ansiedad
Me siento bastante ansioso en este momento,Ansiedad
Me siento bastante ansioso en este momento,Ansiedad
Me siento bastante ansioso en este momento,Ansiedad
Me siento bastante ansioso en este momento,Ansiedad
Me siento bastante ansioso en este momento,Ansiedad
Me siento bastante ansioso en este momento,Ansiedad
Me siento bastante ansioso en este momento,Ansiedad
Me siento bastante ansioso en este momento,Ansiedad
Me siento bastante ansioso en este momento,Ansiedad
Me siento bastante ansioso en este momento,Ansiedad
Me siento bastante ansioso en este momento,Ansiedad
Me siento bastante ansioso en este momento,Ansiedad
Me siento bastante ansioso en este momento,Ansiedad
Me siento bastante ansioso en este momento,Ansiedad
Me siento bastante ansioso en este momento,Ansiedad
Me siento bastante ansioso en este momento,Ansiedad
Me siento bastante ansioso en este momento,Ansiedad
Me siento bastante ansioso en este momento,Ansiedad
Me siento bastante ansioso en este momento,Ansiedad
Me siento bastante ansioso en este momento,Ansiedad
Me siento bastante ansiosa en este momento,Ansiedad
Me siento bastante ansioso en este momento,Ansiedad
Me siento bastante ansioso en este momento,Ansiedad
Me siento bastante ansioso en este momento,Ansiedad
Me siento bastante ansioso en este momento,Ansiedad
Me siento bastante ansioso en este momento,Ansiedad
Me siento bastante ansioso en este momento,Ansiedad
Me siento bastante ansioso en este momento,Ansiedad
Me siento bastante ansioso en este momento,Ansiedad
Me siento bastante ansioso en este momento,Ansiedad
Me siento bastante ansioso en este momento,Ansiedad
Me siento bastante ansioso en este momento,Ansiedad
Me siento bastante ansioso en este momento,Ansiedad
Me siento bastante ansioso en este momento,Ansiedad
Me siento bastante ansioso en este momento,Ansiedad
Me siento bastante ansioso en este momento,Ansiedad
Me siento bastante ansioso en este momento,Ansiedad
Me siento bastante ansioso en este momento,Ansiedad
Me siento bastante ansioso en este momento,Ansiedad
Me siento bastante ansioso en este momento,Ansiedad
Me siento bastante ansioso en este momento,Ansiedad
Me siento bastante ansioso en este momento,Ansiedad
Me siento bastante ansioso en este momento,Ansiedad
Me siento bastante ansioso en este momento,Ansiedad
Me siento bastante ansioso en este momento,Ansiedad
Me siento bastante ansioso en este momento,Ansiedad
Me siento bastante ansioso en este momento,Ansiedad
Me siento bastante ansioso en este momento,Ansiedad
Me siento bastante ansioso en este momento,Ansiedad
Me siento bastante ansioso en este momento,Ansiedad
Me siento bastante ansioso en este momento,Ansiedad
Me siento bastante ansioso en este momento,Ansiedad
Me siento bastante ansioso en este momento,Ansiedad
Me siento bastante ansioso en este momento,Ansiedad
Me siento bastante ansioso en este momento,Ansiedad
Me siento bastante ansiosa en este momento,Ansiedad
Me siento bastante ansioso en este momento,Ansiedad
Me siento bastante ansioso en este momento,Ansiedad
Me siento bastante ansioso en este momento,Ansiedad
Me siento bastante ansioso en este momento,Ansiedad
Me siento bastante ansioso en este momento,Ansiedad
Me siento bastante ansioso en este momento,Ansiedad
Me siento bastante ansioso en este momento,Ansiedad
Me siento bastante ansioso en este momento,Ansiedad
Me siento bastante ansioso en este momento,Ansiedad
Me siento bastante ansioso en este momento,Ansiedad
Me siento bastante ansioso en este momento,Ansiedad
Me siento bastante ansioso en este momento,Ansiedad
Me siento bastante ansioso en este momento,Ansiedad
Me siento bastante ansioso en este momento,Ansiedad
Me siento bastante ansioso en este momento,Ansiedad
Me siento bastante ansioso en este momento,Ansiedad
Me siento bastante ansioso en este momento,Ansiedad
Me siento bastante ansioso en este momento,Ansiedad
Me siento bastante ansioso en este momento,Ansiedad
Me siento bastante ansioso en este momento,Ansiedad
Me siento bastante ansioso en este momento,Ansiedad
Me siento bastante ansioso en este momento,Ansiedad
Me siento bastante ansioso en este momento,Ansiedad
Me siento bastante ansioso en este momento,Ansiedad
Me siento bastante ansioso en este momento,Ansiedad
Me siento bastante ansioso en este momento,Ansiedad
Me siento bastante ansioso en este momento,Ansiedad
Me siento bastante ansioso en este momento,Ansiedad
Me siento bastante ansioso en este momento,Ansiedad
Me siento bastante ansioso en este momento,Ansiedad
Me siento bastante ansioso en este momento,Ansiedad
Me siento bastante ansioso en este momento,Ansiedad
Me siento bastante ansioso en este momento,Ansiedad
Me siento bastante ansioso en este momento,Ansiedad
Me siento bastante ansiosa en este momento,Ansiedad
Me siento bastante ansioso en este momento,Ansiedad
Me siento bastante ansioso en este momento,Ansiedad
Me siento bastante ansioso en este momento,Ansiedad
Me siento bastante ansioso en este momento,Ansiedad
Me siento bastante ansioso en este momento,Ansiedad
Me siento bastante ansioso en este momento,Ansiedad
Me siento bastante ansioso en este momento,Ansiedad
Me siento bastante ansioso en este momento,Ansiedad
Me siento bastante ansioso en este momento,Ansiedad
Me siento bastante ansioso en este momento,Ansiedad
Me siento bastante ansioso en este momento,Ansiedad
Me siento bastante ansioso en este momento,Ansiedad
Me siento bastante ansioso en este momento,Ansiedad
Me siento bastante ansioso en este momento,Ansiedad
Me siento bastante ansioso en este momento,Ansiedad
Me siento bastante ansioso en este momento,Ansiedad
Me siento bastante ansioso en este momento,Ansiedad
Me siento bastante ansioso en este momento,Ansiedad
Me siento bastante ansioso en este momento,Ansiedad
Me siento bastante ansioso en este momento,Ansiedad
Me siento bastante ansioso en este momento,Ansiedad
Me siento bastante ansioso en este momento,Ansiedad
Me siento bastante ansioso en este momento,Ansiedad
Me siento bastante ansioso en este momento,Ansiedad
Me siento bastante ansioso en este momento,Ansiedad
Me siento bastante ansioso en este momento,Ansiedad
Me siento bastante ansioso en este momento,Ansiedad
Me siento bastante ansioso en este momento,Ansiedad
Me siento bastante ansioso en este momento,Ansiedad
Me siento bastante ansioso en este momento,Ansiedad
Me siento bastante ansioso en este momento,Ansiedad
Me siento bastante ansioso en este momento,Ansiedad
Me siento bastante ansioso en este momento,Ansiedad
Me siento bastante ansioso en este momento,Ansiedad
Me siento bastante ansiosa en este momento,Ansiedad
Me siento bastante ansioso en este momento,Ansiedad
Me siento bastante ansioso en este momento,Ansiedad
Me siento bastante ansioso en este momento,Ansiedad
Me siento bastante ansioso en este momento,Ansiedad
Me siento bastante ansioso en este momento,Ansiedad
Me siento bastante ansioso en este momento,Ansiedad
Me siento bastante ansioso en este momento,Ansiedad
Me siento bastante ansioso en este momento,Ansiedad
Me siento bastante ansioso en este momento,Ansiedad
Me siento bastante ansioso en este momento,Ansiedad
Me siento bastante ansioso en este momento,Ansiedad
Me siento bastante ansioso en este momento,Ansiedad
Me siento bastante ansioso en este momento,Ansiedad
Me siento bastante ansioso en este momento,Ansiedad
Me siento bastante ansioso en este momento,Ansiedad
Me siento bastante ansioso en este momento,Ansiedad
Me siento bastante ansioso en este momento,Ansiedad
Me siento bastante ansioso en este momento,Ansiedad
Me siento bastante ansioso en este momento,Ansiedad
Me siento bastante ansioso en este momento,Ansiedad
Me siento bastante ansioso en este momento,Ansiedad
Me siento bastante ansioso en este momento,Ansiedad
Me siento bastante ansioso en este momento,Ansiedad
Me siento bastante ansioso en este momento,Ansiedad
Me siento bastante ansioso en este momento,Ansiedad
Me siento bastante ansioso en este momento,Ansiedad
Me siento bastante ansioso en este momento,Ansiedad
Me siento bastante ansioso en este momento,Ansiedad
Me siento bastante ansioso en este momento,Ansiedad
Me siento bastante ansioso en este momento,Ansiedad
Me siento bastante ansioso en este momento,Ansiedad
Me siento bastante ansioso en este momento,Ansiedad
Me siento bastante ansioso en este momento,Ansiedad
Me siento bastante ansioso en este momento,Ansiedad
Me siento bastante ansiosa en este momento,Ansiedad
Me siento bastante ansioso en este momento,Ansiedad
Me siento bastante ansioso en este momento,Ansiedad
Me siento bastante ansioso en este momento,Ansiedad
Me siento bastante ansioso en este momento,Ansiedad
Me siento bastante ansioso en este momento,Ansiedad
Me siento bastante ansioso en este momento,Ansiedad
Me siento bastante ansioso en este momento,Ansiedad
Me siento bastante ansioso en este momento,Ansiedad
Me siento bastante ansioso en este momento,Ansiedad
Me siento bastante ansioso en este momento,Ansiedad
Me siento bastante ansioso en este momento,Ansiedad
Me siento bastante ansioso en este momento,Ansiedad
Me siento bastante ansioso en este momento,Ansiedad
Me siento bastante ansioso en este momento,Ansiedad
Me siento bastante ansioso en este momento,Ansiedad
Me siento bastante ansioso en este momento,Ansiedad
Me siento bastante ansioso en este momento,Ansiedad
Me siento bastante ansioso en este momento,Ansiedad
Me siento bastante ansioso en este momento,Ansiedad
Me siento bastante ansioso en este momento,Ansiedad
Me siento bastante ansioso en este momento,Ansiedad
Me siento bastante ansioso en este momento,Ansiedad
Me siento bastante ansioso en este momento,Ansiedad
Me siento bastante ansioso en este momento,Ansiedad
Me siento bastante ansioso en este momento,Ansiedad
Me siento bastante ansioso en este momento,Ansiedad
Me siento bastante ansioso en este momento,Ansiedad
Me siento bastante ansioso en este momento,Ansiedad
Me siento bastante ansioso en este momento,Ansiedad
Me siento bastante ansioso en este momento,Ansiedad
Me siento bastante ansioso en este momento,Ansiedad
Me siento bastante ansioso en este momento,Ansiedad
Me siento bastante ansioso en este momento,Ansiedad
Me siento bastante ansioso en este momento,Ansiedad
Me siento bastante ansiosa en este momento,Ansiedad
Hoy me encuentro bastante agitado y preocupado,Ansiedad
Estoy lidiando con altos niveles de ansiedad hoy,Ansiedad
Siento una gran tension y nerviosismo en el dia de hoy,Ansiedad
Me esta costando mucho controlar mi ansiedad en este momento,Ansiedad
Hoy me siento abrumado por la ansiedad,Ansiedad
Estoy pasando por un momento de intensa ansiedad hoy,Ansiedad
Mis niveles de ansiedad estan muy elevados en el día de hoy,Ansiedad
Hoy me siento muy inquieto y nervioso debido a la ansiedad,Ansiedad
Estoy sintiendo un fuerte malestar por la ansiedad en este dia,Ansiedad
Hoy me encuentro muy angustiado debido a la ansiedad,Ansiedad
Me siento agobiado por la ansiedad que estoy experimentando hoy,Ansiedad
Estoy pasando por un dia bastante ansioso,Ansiedad
Siento un gran peso en el pecho por la ansiedad que tengo hoy,Ansiedad
Hoy me siento abrumado por la sensacion de nerviosismo,Ansiedad
Estoy luchando contra la ansiedad en este dia,Ansiedad
Me encuentro en un estado de preocupacion constante debido a la ansiedad hoy,Ansiedad
Siento una gran inquietud y nerviosismo en el dia de hoy,Ansiedad
Hoy estoy experimentando una sensacion de desasosiego por la ansiedad,Ansiedad
Hoy me encuentro muy inquieto y nervioso debido a la ansiedad,Ansiedad
Estoy experimentando una oleada de preocupaciones y nerviosismo en este dia,Ansiedad
Siento un intenso malestar emocional a causa de la ansiedad hoy,Ansiedad
Estoy enfrentando una gran agitacion mental por la ansiedad que tengo hoy,Ansiedad
Hoy me siento muy tenso y con dificultad para relajarme debido a la ansiedad,Ansiedad
Siento que la ansiedad esta afectando mi bienestar emocional,Ansiedad
Estoy lidiando con una sensacion constante de nervios en el día de hoy,Ansiedad
Me encuentro en un estado de alerta constante debido a la ansiedad que tengo hoy,Ansiedad
Estoy experimentando una sensacion de opresion en el pecho por la ansiedad,Ansiedad
Hoy me siento abatido y agobiado por la ansiedad que estoy experimentando,Ansiedad
En este dia estoy experimentando una sensacion de nerviosismo abrumador,Ansiedad
Me siento muy inquieto y con una carga emocional intensa debido a la ansiedad,Ansiedad
Hoy estoy luchando contra una fuerte sensacion de ansiedad que me afecta,Ansiedad
Siento una angustia profunda y constante debido a la ansiedad que tengo hoy,Ansiedad
Estoy enfrentando un día dificil con una gran cantidad de ansiedad,Ansiedad
Hoy me siento desbordado por la ansiedad y sus efectos en mi estado emocional,Ansiedad
Estoy experimentando una sensacion de descontrol y agitacion por la ansiedad en este dia,Ansiedad
Me encuentro en un estado de alerta constante debido a los sintomas de la ansiedad hoy,Ansiedad
Siento una tension constante en mi cuerpo debido a la ansiedad que estoy experimentando,Ansiedad
Hoy me siento vulnerable y afectado por los efectos de la ansiedad en mi dia a dia,Ansiedad
Estoy experimentando ansiedad debido a la presion en el trabajo,Ansiedad
Me siento ansioso a causa de la presion laboral que estoy enfrentando,Ansiedad
La presion en el trabajo esta generando una gran ansiedad en mi,Ansiedad
Estoy lidiando con una intensa ansiedad debido a la carga laboral,Ansiedad
Siento una fuerte ansiedad relacionada con el estres laboral,Ansiedad
La presion en el trabajo está afectando mi estado mental me siento muy ansioso,Ansiedad
Me encuentro con niveles elevados de ansiedad debido a la presion que tengo en el trabajo,Ansiedad
Estoy pasando por un momento de ansiedad debido a las demandas laborales,Ansiedad
La presion laboral esta causando una gran ansiedad en mi en este momento,Ansiedad
Estoy experimentando una sensacion de nerviosismo debido a la carga de trabajo en el ambiente laboral,Ansiedad
Me siento abrumado por la presion en el trabajo lo que esta generando ansiedad en mi,Ansiedad
Estoy enfrentando una gran carga laboral que esta provocando ansiedad en mi dia a dia,Ansiedad
La presion laboral esta causando una fuerte sensacion de ansiedad en mi,Ansiedad
Estoy experimentando una gran angustia debido a la presion que enfrento en el trabajo,Ansiedad
Me siento muy estresado y ansioso por la presion laboral que estoy enfrentando,Ansiedad
La intensa presion en el trabajo esta afectando mi bienestar mental generando ansiedad,Ansiedad
Estoy sintiendo una gran inquietud y nerviosismo debido a la presion laboral,Ansiedad
La carga de trabajo me esta generando una gran ansiedad que es dificil de manejar,Ansiedad
Me encuentro en un estado de agitacion constante debido a la presion laboral que enfrento,Ansiedad
Estoy pasando por un momento de ansiedad significativo debido a la alta presion en el ambito laboral,Ansiedad
La presion en el trabajo esta causando un nivel elevado de ansiedad en mi,Ansiedad
Estoy experimentando una ansiedad significativa debido a la carga laboral que tengo,Ansiedad
Me siento agobiado por la presion laboral lo que esta generando ansiedad,Ansiedad
La presion en el entorno laboral esta desencadenando episodios de ansiedad en mi,Ansiedad
Estoy luchando contra la ansiedad provocada por la intensa presion en el trabajo,Ansiedad
Me encuentro en un estado de estres constante debido a la presion laboral que enfrento,Ansiedad
La carga laboral esta afectando mi salud mental y generando ansiedad,Ansiedad
Estoy pasando por un momento de ansiedad debido a la exigencia y presion en el trabajo,Ansiedad
Siento una gran inquietud y preocupacion debido a la presion laboral que estoy experimentando,Ansiedad
La presion en el ambito laboral esta contribuyendo a mi estado de ansiedad actual,Ansiedad
Me siento ansioso debido a la presion escolar que estoy enfrentando,Ansiedad
Estoy experimentando ansiedad por la carga academica en la escuela,Ansiedad
La escuela esta generando una gran ansiedad en mi,Ansiedad
Siento una fuerte ansiedad relacionada con el estres escolar,Ansiedad
Me encuentro con niveles elevados de ansiedad debido a las exigencias academicas,Ansiedad
Estoy lidiando con una intensa ansiedad por las responsabilidades escolares,Ansiedad
La presion academica esta afectando mi estado mental generando ansiedad,Ansiedad
Estoy pasando por un momento de ansiedad debido a los desafios en la escuela,Ansiedad
Me siento abrumado por las demandas escolares lo que esta causando ansiedad,Ansiedad
Estoy experimentando una sensacion de nerviosismo debido a las exigencias y expectativas escolares,Ansiedad
Estoy enfrentando una gran carga academica que esta provocando ansiedad en mi,Ansiedad
Me siento muy estresado y ansioso por las responsabilidades escolares que tengo,Ansiedad
La presion en la escuela esta generando una fuerte sensacion de ansiedad en mi,Ansiedad
Estoy experimentando una gran angustia debido a las exigencias y desafíos academicos,Ansiedad
Me encuentro en un estado de agitacion constante debido a las demandas de la escuela,Ansiedad
La intensa carga de trabajo escolar esta afectando mi bienestar mental generando ansiedad,Ansiedad
Estoy sintiendo una gran inquietud y nerviosismo por las tareas y examenes escolares,Ansiedad
La presion academica esta contribuyendo a mi estado de ansiedad actual,Ansiedad
Me siento abrumado por las expectativas academicas lo que esta causando ansiedad,Ansiedad
Estoy luchando contra la ansiedad que surge debido a las exigencias y responsabilidades en la escuela,Ansiedad
Estoy experimentando ansiedad debido a la dinamica familiar,Ansiedad
Me siento ansioso por situaciones familiares que estan afectandome,Ansiedad
La situacion familiar esta generando una gran ansiedad en mi,Ansiedad
Siento una fuerte ansiedad relacionada con las relaciones familiares,Ansiedad
Me encuentro con niveles elevados de ansiedad debido a conflictos familiares,Ansiedad
Estoy lidiando con una intensa ansiedad por problemas familiares,Ansiedad
La dinamica familiar esta afectando mi estado mental generando ansiedad,Ansiedad
Estoy pasando por un momento de ansiedad debido a tensiones en la familia,Ansiedad
Me siento abrumado por situaciones familiares lo que esta causando ansiedad,Ansiedad
Estoy experimentando una sensacion de nerviosismo debido a la situacion familiar actual,Ansiedad
¿Qué estrategias encuentras más efectivas para calmar la ansiedad en el momento?,Ansiedad
Mis noches a menudo son una danza entre el insomnio y la ansiedad,Ansiedad
¿Hay actividades específicas que encuentras terapéuticas para la ansiedad?,Ansiedad
¿Cómo afecta la ansiedad tu capacidad para disfrutar de las cosas cotidianas?,Ansiedad
¿Hay momentos específicos del día en los que la ansiedad es más intensa para ti?,Ansiedad
¿Qué consejos darías a alguien que lucha contra la ansiedad diaria?,Ansiedad
Mis pensamientos a veces son como un laberinto sin salida debido a la ansiedad,Ansiedad
¿Cómo te ayuda la meditación o la respiración profunda durante episodios de ansiedad?,Ansiedad
¿Qué impacto tiene la ansiedad en tus relaciones personales y sociales?,Ansiedad
Hoy me siento bastante enojado,Enojo
Hoy me siento bastante enojado,Enojo
Hoy me siento bastante enojado,Enojo
Hoy me siento bastante enojado,Enojo
Hoy me siento bastante enojado,Enojo
Hoy me siento bastante enojado,Enojo
Hoy me siento bastante enojado,Enojo
Hoy me siento bastante enojado,Enojo
Hoy me siento bastante enojado,Enojo
Hoy me siento bastante enojado,Enojo
Hoy me siento bastante enojado,Enojo
Hoy me siento bastante enojado,Enojo
Hoy me siento bastante enojado,Enojo
Hoy me siento bastante enojado,Enojo
Hoy me siento bastante enojado,Enojo
Hoy me siento bastante enojado,Enojo
Hoy me siento bastante enojado,Enojo
Hoy me siento bastante enojado,Enojo
Hoy me siento bastante enojado,Enojo
Hoy me siento bastante enojado,Enojo
Hoy me siento bastante enojado,Enojo
Hoy me siento bastante enojado,Enojo
Hoy me siento bastante enojado,Enojo
Hoy me siento bastante enojado,Enojo
Hoy me siento bastante enojado,Enojo
Hoy me siento bastante enojado,Enojo
Hoy me siento bastante enojado,Enojo
Hoy me siento bastante enojado,Enojo
Hoy me siento bastante enojado,Enojo
Hoy me siento bastante enojado,Enojo
Hoy me siento bastante enojado,Enojo
Hoy me siento bastante enojado,Enojo
Hoy me siento bastante enojado,Enojo
Hoy me siento bastante enojado,Enojo
Hoy me siento bastante enojado,Enojo
Hoy me siento bastante enojado,Enojo
Hoy me siento bastante enojado,Enojo
Hoy me siento bastante enojado,Enojo
Hoy me siento bastante enojado,Enojo
Hoy me siento bastante enojado,Enojo
Hoy me siento bastante enojado,Enojo
Hoy me siento bastante enojado,Enojo
Hoy me siento bastante enojado,Enojo
Hoy me siento bastante enojado,Enojo
Hoy me siento bastante enojado,Enojo
Hoy me siento bastante enojado,Enojo
Hoy me siento bastante enojado,Enojo
Hoy me siento bastante enojado,Enojo
Hoy me siento bastante enojado,Enojo
Hoy me siento bastante enojado,Enojo
Hoy me siento bastante enojado,Enojo
Hoy me siento bastante enojado,Enojo
Hoy me siento bastante enojado,Enojo
Hoy me siento bastante enojado,Enojo
Hoy me siento bastante enojado,Enojo
Hoy me siento bastante enojado,Enojo
Hoy me siento bastante enojado,Enojo
Hoy me siento bastante enojado,Enojo
Hoy me siento bastante enojado,Enojo
Hoy me siento bastante enojado,Enojo
Hoy me siento bastante enojado,Enojo
Hoy me siento bastante enojado,Enojo
Hoy me siento bastante enojado,Enojo
Hoy me siento bastante enojado,Enojo
Hoy me siento bastante enojado,Enojo
Hoy me siento bastante enojado,Enojo
Hoy me siento bastante enojado,Enojo
Hoy me siento bastante enojado,Enojo
Hoy me siento bastante enojado,Enojo
Hoy me siento bastante enojado,Enojo
Hoy me siento bastante enojado,Enojo
Hoy me siento bastante enojado,Enojo
Hoy me siento bastante enojado,Enojo
Hoy me siento bastante enojado,Enojo
Hoy me siento bastante enojado,Enojo
Hoy me siento bastante enojado,Enojo
Hoy me siento bastante enojado,Enojo
Hoy me siento bastante enojado,Enojo
Hoy me siento bastante enojado,Enojo
Hoy me siento bastante enojado,Enojo
Hoy me siento bastante enojado,Enojo
Hoy me siento bastante enojado,Enojo
Hoy me siento bastante enojado,Enojo
Hoy me siento bastante enojado,Enojo
Hoy me siento bastante enojado,Enojo
Hoy me siento bastante enojado,Enojo
Hoy me siento bastante enojado,Enojo
Hoy me siento bastante enojado,Enojo
Hoy me siento bastante enojado,Enojo
Hoy me siento bastante enojado,Enojo
Hoy me siento bastante enojado,Enojo
Hoy me siento bastante enojado,Enojo
Hoy me siento bastante enojado,Enojo
Hoy me siento bastante enojado,Enojo
Hoy me siento bastante enojado,Enojo
Hoy me siento bastante enojado,Enojo
Hoy me siento bastante enojado,Enojo
Hoy me siento bastante enojado,Enojo
Hoy me siento bastante enojado,Enojo
Hoy me siento bastante enojado,Enojo
Hoy me siento bastante enojado,Enojo
Hoy me siento bastante enojado,Enojo
Hoy me siento bastante enojado,Enojo
Hoy me siento bastante enojado,Enojo
Hoy me siento bastante enojado,Enojo
Hoy me siento bastante enojado,Enojo
Hoy me siento bastante enojado,Enojo
Hoy me siento bastante enojado,Enojo
Hoy me siento bastante enojado,Enojo
Hoy me siento bastante enojado,Enojo
Hoy me siento bastante enojado,Enojo
Hoy me siento bastante enojado,Enojo
Hoy me siento bastante enojado,Enojo
Hoy me siento bastante enojado,Enojo
Hoy me siento bastante enojado,Enojo
Hoy me siento bastante enojado,Enojo
Hoy me siento bastante enojado,Enojo
Hoy me siento bastante enojado,Enojo
Hoy me siento bastante enojado,Enojo
Hoy me siento bastante enojado,Enojo
Hoy me siento bastante enojado,Enojo
Hoy me siento bastante enojado,Enojo
Hoy me siento bastante enojado,Enojo
Hoy me siento bastante enojado,Enojo
Hoy me siento bastante enojada,Enojo
Hoy me siento bastante enojado,Enojo
Hoy me siento bastante enojado,Enojo
Hoy me siento bastante enojado,Enojo
Hoy me siento bastante enojado,Enojo
Hoy me siento bastante enojado,Enojo
Hoy me siento bastante enojado,Enojo
Hoy me siento bastante enojado,Enojo
Hoy me siento bastante enojado,Enojo
Hoy me siento bastante enojado,Enojo
Hoy me siento bastante enojado,Enojo
Hoy me siento bastante enojado,Enojo
Hoy me siento bastante enojado,Enojo
Hoy me siento bastante enojado,Enojo
Hoy me siento bastante enojado,Enojo
Hoy me siento bastante enojado,Enojo
Hoy me siento bastante enojado,Enojo
Hoy me siento bastante enojado,Enojo
Hoy me siento bastante enojado,Enojo
Hoy me siento bastante enojado,Enojo
Hoy me siento bastante enojado,Enojo
Hoy me siento bastante enojado,Enojo
Hoy me siento bastante enojado,Enojo
Hoy me siento bastante enojado,Enojo
Hoy me siento bastante enojado,Enojo
Hoy me siento bastante enojado,Enojo
Hoy me siento bastante enojado,Enojo
Hoy me siento bastante enojado,Enojo
Hoy me siento bastante enojado,Enojo
Hoy me siento bastante enojado,Enojo
Hoy me siento bastante enojado,Enojo
Hoy me siento bastante enojado,Enojo
Hoy me siento bastante enojado,Enojo
Hoy me siento bastante enojado,Enojo
Hoy me siento bastante enojado,Enojo
Hoy me siento bastante enojado,Enojo
Hoy me siento bastante enojado,Enojo
Hoy me siento bastante enojado,Enojo
Hoy me siento bastante enojado,Enojo
Hoy me siento bastante enojado,Enojo
Hoy me siento bastante enojado,Enojo
Hoy me siento bastante enojado,Enojo
Hoy me siento bastante enojado,Enojo
Hoy me siento bastante enojado,Enojo
Hoy me siento bastante enojado,Enojo
Hoy me siento bastante enojado,Enojo
Hoy me siento bastante enojado,Enojo
Hoy me siento bastante enojado,Enojo
Hoy me siento bastante enojado,Enojo
Hoy me siento bastante enojado,Enojo
Hoy me siento bastante enojado,Enojo
Hoy me siento bastante enojado,Enojo
Hoy me siento bastante enojado,Enojo
Hoy me siento bastante enojado,Enojo
Hoy me siento bastante enojado,Enojo
Hoy me siento bastante enojado,Enojo
Hoy me siento bastante enojado,Enojo
Hoy me siento bastante enojado,Enojo
Hoy me siento bastante enojado,Enojo
Hoy me siento bastante enojado,Enojo
Hoy me siento bastante enojado,Enojo
Hoy me siento bastante enojado,Enojo
Hoy me siento bastante enojado,Enojo
Hoy me siento bastante enojado,Enojo
Hoy me siento bastante enojado,Enojo
Hoy me siento bastante enojado,Enojo
Hoy me siento bastante enojado,Enojo
Hoy me siento bastante enojado,Enojo
Hoy me siento bastante enojado,Enojo
Hoy me siento bastante enojado,Enojo
Hoy me siento bastante enojado,Enojo
Hoy me siento bastante enojado,Enojo
Hoy me siento bastante enojado,Enojo
Hoy me siento bastante enojado,Enojo
Hoy me siento bastante enojado,Enojo
Hoy me siento bastante enojado,Enojo
Hoy me siento bastante enojado,Enojo
Hoy me siento bastante enojado,Enojo
Hoy me siento bastante enojado,Enojo
Hoy me siento bastante enojado,Enojo
Hoy me siento bastante enojado,Enojo
Hoy me siento bastante enojado,Enojo
Hoy me siento bastante enojado,Enojo
Hoy me siento bastante enojado,Enojo
Hoy me siento bastante enojado,Enojo
Hoy me siento bastante enojado,Enojo
Hoy me siento bastante enojado,Enojo
Hoy me siento bastante enojado,Enojo
Hoy me siento bastante enojado,Enojo
Hoy me siento bastante enojado,Enojo
Hoy me siento bastante enojado,Enojo
Hoy me siento bastante enojado,Enojo
Hoy me siento bastante enojado,Enojo
Hoy me siento bastante enojado,Enojo
Hoy me siento bastante enojado,Enojo
Hoy me siento bastante enojado,Enojo
Hoy me siento bastante enojado,Enojo
Hoy me siento bastante enojado,Enojo
Hoy me siento bastante enojado,Enojo
Hoy me siento bastante enojado,Enojo
Hoy me siento bastante enojado,Enojo
Hoy me siento bastante enojado,Enojo
Hoy me siento bastante enojado,Enojo
Hoy me siento bastante enojado,Enojo
Hoy me siento bastante enojado,Enojo
Hoy me siento bastante enojado,Enojo
Hoy me siento bastante enojado,Enojo
Hoy me siento bastante enojado,Enojo
Hoy me siento bastante enojado,Enojo
Hoy me siento bastante enojado,Enojo
Hoy me siento bastante enojado,Enojo
Hoy me siento bastante enojado,Enojo
Hoy me siento bastante enojado,Enojo
Hoy me siento bastante enojado,Enojo
Hoy me siento bastante enojado,Enojo
Hoy me siento bastante enojado,Enojo
Hoy me siento bastante enojado,Enojo
Hoy me siento bastante enojado,Enojo
Hoy me siento bastante enojado,Enojo
Hoy me siento bastante enojado,Enojo
Hoy me siento bastante enojado,Enojo
Hoy me siento bastante enojado,Enojo
Hoy me siento bastante enojado,Enojo
Hoy me siento bastante enojado,Enojo
Hoy me siento bastante enojado,Enojo
Hoy me siento bastante enojada,Enojo
Estoy experimentando una gran ira en este dia,Enojo
Siento un fuerte enojo en el día de hoy,Enojo
Me encuentro muy irritado en este momento,Enojo
Me encuentro muy irritada en este momento,Enojo
Estoy lidiando con una gran frustracion y enojo hoy,Enojo
Hoy mi estado de ánimo está dominado por la ira,Enojo
Me siento molesto y enfadado en el día de hoy,Enojo
Me siento molestoa y enfadada en el día de hoy,Enojo
Estoy pasando por un día de mucha rabia y enojo,Enojo
Siento una intensa furia en el día de hoy,Enojo
Hoy estoy realmente enfurecido y molesto,Enojo
Hoy estoy realmente enfurecida y molesta,Enojo
Hoy estoy bastante irritado y molesto,Enojo
Hoy estoy bastante irritada y molesta,Enojo
Me encuentro con un nivel de enfado elevado en este día,Enojo
Estoy experimentando una gran indignación en el día de hoy,Enojo
Mi estado de ánimo está dominado por la ira en este momento,Enojo
Siento una fuerte frustración y enojo en el día de hoy,Enojo
Estoy pasando por un día de mucha rabia y molestia,Enojo
Hoy me siento realmente enfurecido y molesto,Enojo
Hoy me siento realmente enfurecida y molesta,Enojo
Estoy lidiando con una gran irritación y enojo en este momento,Enojo
Me siento bastante molesto y con una sensacion de injusticia,Enojo
La ira está presente en mi día de manera significativa hoy,Enojo
Estoy enojado por la forma en que mi jefe me trata en el trabajo,Enojo
Me siento frustrado y molesto por el trato que recibo de mi jefe en el trabajo,Enojo
Me siento frustrada y molesta por el trato que recibo de mi jefe en el trabajo,Enojo
La actitud de mi jefe hacia mí me ha enfadado bastante,Enojo
Estoy experimentando un fuerte enojo debido al trato injusto de mi jefe en el trabajo,Enojo
La manera en que mi jefe me trata en el trabajo me ha generado una gran irritación y enojo,Enojo
Me siento realmente molesto por la falta de respeto de mi jefe en el entorno laboral,Enojo
Me siento realmente molesta por la falta de respeto de mi jefe en el entorno laboral,Enojo
La actitud negativa de mi jefe hacia mí me tiene muy enfadado,Enojo
Estoy pasando por un momento de enojo debido al comportamiento poco profesional de mi jefe,Enojo
Me siento muy frustrado por el trato desconsiderado de mi jefe en el trabajo,Enojo
Me siento muy frustrada por el trato desconsiderado de mi jefe en el trabajo,Enojo
La actitud condescendiente de mi jefe me ha generado una gran irritación y molestia,Enojo
Me siento muy disgustado por la manera en que mi jefe me trata en el ámbito laboral,Enojo
La actitud poco profesional de mi jefe me ha enfurecido,Enojo
Estoy realmente molesto por el trato injusto y poco amable de mi jefe en el trabajo,Enojo
La falta de consideración de mi jefe me ha generado un gran enojo,Enojo
Me encuentro con un nivel elevado de frustracion y enojo debido al trato de mi jefe,Enojo
La falta de reconocimiento y aprecio de mi jefe me ha enfadado mucho,Enojo
Estoy experimentando un profundo descontento por la forma en que mi jefe me trata en el trabajo,Enojo
La falta de comunicación y respeto de mi jefe me ha generado una gran irritación,Enojo
Me siento muy indignado por el comportamiento autoritario y poco empático de mi jefe,Enojo
La actitud dominante y poco colaborativa de mi jefe me ha causado un fuerte enojo y malestar,Enojo
La actitud de mi jefe me ha hecho sentir realmente irritado y molesto,Enojo
Me siento bastante enfadado por el trato desconsiderado de mi jefe en el trabajo,Enojo
Estoy experimentando un nivel significativo de frustración y enojo debido al comportamiento de mi jefe,Enojo
La falta de profesionalismo y respeto de mi jefe me ha generado un gran enojo,Enojo
Me encuentro con una sensación de injusticia y enojo por cómo me trata mi jefe en el entorno laboral,Enojo
La actitud negativa y poco colaborativa de mi jefe me ha enfurecido,Enojo
Estoy pasando por un momento de gran molestia y descontento debido al trato de mi jefe,Enojo
La falta de empatía y comprensión de mi jefe ha provocado un fuerte enojo en mí,Enojo
Me siento realmente indignado por la falta de reconocimiento y apoyo de mi jefe,Enojo
La actitud autoritaria y poco tolerante de mi jefe ha generado un intenso malestar y enojo en mí,Enojo
Me siento enojado por la actitud de mis padres,Enojo
Me siento enojada por la actitud de mis padres,Enojo
Estoy frustrado y molesto por la forma en que se comportan mis padres,Enojo
Estoy frustrada y molesta por la forma en que se comportan mis padres,Enojo
La actitud de mis padres me ha enfadado bastante,Enojo
Estoy experimentando un fuerte enojo debido a la actitud de mis padres,Enojo
La manera en que se comportan mis padres me ha generado una gran irritación y enojo,Enojo
Me siento realmente molesto por la falta de comprensión y apoyo de mis padres,Enojo
La actitud poco empática de mis padres me tiene muy enfadado,Enojo
Estoy pasando por un momento de enojo debido al comportamiento de mis padres,Enojo
Me siento muy frustrado por la falta de comunicación y respeto de mis padres,Enojo
La actitud crítica y autoritaria de mis padres me ha generado una gran irritación y molestia,Enojo
Estoy experimentando un nivel significativo de enojo por la actitud que muestran mis padres,Enojo
La falta de comprensión y empatía de mis padres me ha enfurecido,Enojo
Me siento bastante molesto por la actitud crítica y autoritaria de mis padres,Enojo
Me siento bastante molesta por la actitud crítica y autoritaria de mis padres,Enojo
Estoy pasando por un momento de gran irritación y descontento debido a cómo se comportan mis padres,Enojo
La falta de comunicación y apoyo de mis padres me ha generado un fuerte enojo,Enojo
Estoy frustrado y enojado por la falta de reconocimiento y comprensión de mis padres,Enojo
La actitud controladora y poco tolerante de mis padres me ha causado un intenso malestar,Enojo
Me siento realmente indignado por la falta de respeto y consideración de mis padres,Enojo
Estoy experimentando un profundo descontento por la actitud negativa y crítica de mis padres,Enojo
La falta de aceptación y apertura de mente de mis padres me ha generado una gran molestia y enojo,Enojo
La actitud de mis padres me ha causado un fuerte enojo y malestar,Enojo
Me siento muy irritado y molesto por cómo se comportan mis padres,Enojo
Estoy experimentando un nivel elevado de enojo debido a la actitud poco comprensiva de mis padres,Enojo
La falta de apoyo y comprensión por parte de mis padres me ha enfadado bastante,Enojo
Me encuentro con una sensación de injusticia y enojo por la actitud crítica de mis padres,Enojo
La falta de comunicación efectiva y respetuosa de mis padres me ha generado un gran enojo,Enojo
Estoy pasando por un momento de gran frustración y enojo debido al comportamiento de mis padres,Enojo
La actitud negativa y autoritaria de mis padres me ha generado una fuerte irritación y molestia,Enojo
Me siento realmente indignado por la falta de reconocimiento y valoración de mis sentimientos por parte de mis padres,Enojo
La falta de empatía y comprensión de mis padres ha provocado un intenso malestar y enojo en mí,Enojo
Estoy harto de lidiar con esta situación una y otra vez,Enojo
Me siento tan molesto con la falta de comunicación en este lugar,Enojo
Me siento completamente ignorado y eso me enfurece,Enojo
Estoy cansado de que no se respeten mis límites,Enojo
¿Cómo es posible que esto siga ocurriendo? Me irrita,Enojo
Me siento furioso por la falta de consideración hacia los demás,Enojo
¿Por qué siempre tengo que lidiar con este tipo de situaciones?,Enojo
No puedo soportar la actitud indiferente de algunas personas,Enojo
Estoy al borde de explotar con tanta frustración acumulada,Enojo
Me irrita tanto la falta de compromiso y responsabilidad,Enojo
¿Cómo pueden ser tan insensibles ante los sentimientos de los demás?,Enojo
Estoy molesto porque siento que no se valora mi tiempo,Enojo
Esto me hace enojar más de lo que puedo expresar con palabras,Enojo
No puedo contener mi enojo ante tanta incompetencia,Enojo
Esto es tan frustrante que me dan ganas de gritar,Enojo
Me siento enojado porque siento que no se me respeta,Enojo
Me irrita la falta de consideración hacia los demás,Enojo
¿Por qué siempre tengo que lidiar con este desorden?,Enojo
Estoy furioso por la falta de compromiso en el equipo,Enojo
Hoy me siento en calma,Calma
Hoy me siento en calma,Calma
Hoy me siento en calma,Calma
Hoy me siento en calma,Calma
Hoy me siento en calma,Calma
Hoy me siento en calma,Calma
Hoy me siento en calma,Calma
Hoy me siento en calma,Calma
Hoy me siento en calma,Calma
Hoy me siento en calma,Calma
Hoy me siento en calma,Calma
Hoy me siento en calma,Calma
Hoy me siento en calma,Calma
Hoy me siento en calma,Calma
Hoy me siento en calma,Calma
Hoy me siento en calma,Calma
Hoy me siento en calma,Calma
Hoy me siento en calma,Calma
Hoy me siento en calma,Calma
Hoy me siento en calma,Calma
Hoy me siento en calma,Calma
Hoy me siento en calma,Calma
Hoy me siento en calma,Calma
Hoy me siento en calma,Calma
Hoy me siento en calma,Calma
Hoy me siento en calma,Calma
Hoy me siento en calma,Calma
Hoy me siento en calma,Calma
Hoy me siento en calma,Calma
Hoy me siento en calma,Calma
Hoy me siento en calma,Calma
Hoy me siento en calma,Calma
Hoy me siento en calma,Calma
Hoy me siento en calma,Calma
Hoy me siento en calma,Calma
Hoy me siento en calma,Calma
Hoy me siento en calma,Calma
Hoy me siento en calma,Calma
Hoy me siento en calma,Calma
Hoy me siento en calma,Calma
Hoy me siento en calma,Calma
Hoy me siento en calma,Calma
Hoy me siento en calma,Calma
Hoy me siento en calma,Calma
Hoy me siento en calma,Calma
Hoy me siento en calma,Calma
Hoy me siento en calma,Calma
Hoy me siento en calma,Calma
Hoy me siento en calma,Calma
Hoy me siento en calma,Calma
Hoy me siento en calma,Calma
Hoy me siento en calma,Calma
Hoy me siento en calma,Calma
Hoy me siento en calma,Calma
Hoy me siento en calma,Calma
Hoy me siento en calma,Calma
Hoy me siento en calma,Calma
Hoy me siento en calma,Calma
Hoy me siento en calma,Calma
Hoy me siento en calma,Calma
Hoy me siento en calma,Calma
Hoy me siento en calma,Calma
Hoy me siento en calma,Calma
Hoy me siento en calma,Calma
Hoy me siento en calma,Calma
Hoy me siento en calma,Calma
Hoy me siento en calma,Calma
Hoy me siento en calma,Calma
Hoy me siento en calma,Calma
Hoy me siento en calma,Calma
Hoy me siento en calma,Calma
Hoy me siento en calma,Calma
Hoy me siento en calma,Calma
Hoy me siento en calma,Calma
Hoy me siento en calma,Calma
Hoy me siento en calma,Calma
Hoy me siento en calma,Calma
Hoy me siento en calma,Calma
Hoy me siento en calma,Calma
Hoy me siento en calma,Calma
Hoy me siento en calma,Calma
Hoy me siento en calma,Calma
Hoy me siento en calma,Calma
Hoy me siento en calma,Calma
Hoy me siento en calma,Calma
Hoy me siento en calma,Calma
Hoy me siento en calma,Calma
Hoy me siento en calma,Calma
Hoy me siento en calma,Calma
Hoy me siento en calma,Calma
Hoy me siento en calma,Calma
Hoy me siento en calma,Calma
Hoy me siento en calma,Calma
Hoy me siento en calma,Calma
Hoy me siento en calma,Calma
Hoy me siento en calma,Calma
Hoy me siento en calma,Calma
Hoy me siento en calma,Calma
Hoy me siento en calma,Calma
Hoy me siento en calma,Calma
Hoy me siento en calma,Calma
Hoy me siento en calma,Calma
Hoy me siento en calma,Calma
Hoy me siento en calma,Calma
Hoy me siento en calma,Calma
Hoy me siento en calma,Calma
Hoy me siento en calma,Calma
Hoy me siento en calma,Calma
Hoy me siento en calma,Calma
Hoy me siento en calma,Calma
Hoy me siento en calma,Calma
Hoy me siento en calma,Calma
Hoy me siento en calma,Calma
Hoy me siento en calma,Calma
Hoy me siento en calma,Calma
Hoy me siento en calma,Calma
Hoy me siento en calma,Calma
Hoy me siento en calma,Calma
Hoy me siento en calma,Calma
Hoy me siento en calma,Calma
Hoy me siento en calma,Calma
Hoy me siento en calma,Calma
Hoy me siento en calma,Calma
Hoy me siento en calma,Calma
Hoy me siento en calma,Calma
Hoy me siento en calma,Calma
Hoy me siento en calma,Calma
Hoy me siento en calma,Calma
Hoy me siento en calma,Calma
Hoy me siento en calma,Calma
Hoy me siento en calma,Calma
Hoy me siento en calma,Calma
Hoy me siento en calma,Calma
Hoy me siento en calma,Calma
Hoy me siento en calma,Calma
Hoy me siento en calma,Calma
Hoy me siento en calma,Calma
Hoy me siento en calma,Calma
Hoy me siento en calma,Calma
Hoy me siento en calma,Calma
Hoy me siento en calma,Calma
Hoy me siento en calma,Calma
Hoy me siento en calma,Calma
Hoy me siento en calma,Calma
Hoy me siento en calma,Calma
Hoy me siento en calma,Calma
Hoy me siento en calma,Calma
Hoy me siento en calma,Calma
Hoy me siento en calma,Calma
Hoy me siento en calma,Calma
Hoy me siento en calma,Calma
Hoy me siento en calma,Calma
Hoy me siento en calma,Calma
Hoy me siento en calma,Calma
Hoy me siento en calma,Calma
Hoy me siento en calma,Calma
Hoy me siento en calma,Calma
Hoy me siento en calma,Calma
Hoy me siento en calma,Calma
Hoy me siento en calma,Calma
Hoy me siento en calma,Calma
Hoy me siento en calma,Calma
Hoy me siento en calma,Calma
Hoy me siento en calma,Calma
Hoy me siento en calma,Calma
Hoy me siento en calma,Calma
Hoy me siento en calma,Calma
Hoy me siento en calma,Calma
Hoy me siento en calma,Calma
Hoy me siento en calma,Calma
Hoy me siento en calma,Calma
Hoy me siento en calma,Calma
Hoy me siento en calma,Calma
Hoy me siento en calma,Calma
Hoy me siento en calma,Calma
Hoy me siento en calma,Calma
Hoy me siento en calma,Calma
Hoy me siento en calma,Calma
Hoy me siento en calma,Calma
Hoy me siento en calma,Calma
Hoy me siento en calma,Calma
Hoy me siento en calma,Calma
Hoy me siento en calma,Calma
Hoy me siento en calma,Calma
Hoy me siento en calma,Calma
Hoy me siento en calma,Calma
Hoy me siento en calma,Calma
Hoy me siento en calma,Calma
Hoy me siento en calma,Calma
Hoy me siento en calma,Calma
Hoy me siento en calma,Calma
Hoy me siento en calma,Calma
Hoy me siento en calma,Calma
Hoy me siento en calma,Calma
Hoy me siento en calma,Calma
Hoy me siento en calma,Calma
Hoy me siento en calma,Calma
Hoy me siento en calma,Calma
Hoy me siento en calma,Calma
Hoy me siento en calma,Calma
Hoy me siento en calma,Calma
Hoy me siento en calma,Calma
Hoy me siento en calma,Calma
Hoy me siento en calma,Calma
Hoy me siento en calma,Calma
Hoy me siento en calma,Calma
Hoy me siento en calma,Calma
Hoy me siento en calma,Calma
Hoy me siento en calma,Calma
Hoy me siento en calma,Calma
Hoy me siento en calma,Calma
Hoy me siento en calma,Calma
Hoy me siento en calma,Calma
Hoy me siento en calma,Calma
Hoy me siento en calma,Calma
Hoy me siento en calma,Calma
Hoy me siento en calma,Calma
Hoy me siento en calma,Calma
Hoy me siento en calma,Calma
Hoy me siento en calma,Calma
Hoy me siento en calma,Calma
Hoy me siento en calma,Calma
Hoy me siento en calma,Calma
Hoy me siento en calma,Calma
Hoy me siento en calma y tranquila,Calma
Estoy experimentando una sensación de paz y serenidad en este día,Calma
Me encuentro muy relajado y en paz en el día de hoy,Calma
Me encuentro muy relajada y en paz en el día de hoy,Calma
Siento una gran calma interior en este momento,Calma
Estoy pasando por un día de mucha tranquilidad y armonía,Calma
Mi estado de ánimo está dominado por la calma en el día de hoy,Calma
Me siento sereno y equilibrado en el día de hoy,Calma
Me siento serena y equilibrada en el día de hoy,Calma
Estoy disfrutando de una sensación de quietud y sosiego en este día,Calma
Hoy me siento en un estado de calma profunda y placentera,Calma
La tranquilidad que experimento hoy me llena de paz y bienestar,Calma
Estoy experimentando una sensación de serenidad y tranquilidad en el día de hoy,Calma
Me encuentro en un estado de armonía y paz interior en este momento,Calma
Hoy me siento relajado y en calma sin preocupaciones,Calma
Hoy me siento relajada y en calma sin preocupaciones,Calma
Siento una gran quietud y sosiego en mi interior en este día,Calma
Estoy disfrutando de una sensación de calma profunda y equilibrio emocional,Calma
La tranquilidad que experimento hoy me llena de bienestar y serenidad,Calma
Me siento en un estado de paz mental y emocional en el día de hoy,Calma
Estoy pasando por un día de mucha serenidad y quietud,Calma
Mi mente y mi corazón están en calma y en equilibrio en este día,Calma
Hoy me siento en un estado de calma y plenitud sin estrés ni ansiedad,Calma
Me siento en calma gracias a tener un trabajo estable y un buen sueldo,Calma
La tranquilidad que experimento se debe a tener un trabajo seguro y un salario satisfactorio,Calma
Estoy en calma gracias a tener estabilidad laboral y un salario adecuado,Calma
La paz que siento se debe a tener un empleo y un sueldo que me permiten vivir sin preocupaciones,Calma
Estoy tranquilo gracias a tener un trabajo que valoro y un sueldo que me proporciona seguridad,Calma
Estoy tranquila gracias a tener un trabajo que valoro y un sueldo que me proporciona seguridad,Calma
Me siento en armonía porque tengo un trabajo estable y un salario que cubre mis necesidades,Calma
La sensación de calma que experimento se debe a tener un empleo que disfruto y un buen ingreso,Calma
Estoy en paz gracias a tener un empleo seguro y un sueldo que me permite vivir con comodidad,Calma
La estabilidad laboral y el buen sueldo me brindan tranquilidad y paz mental,Calma
Me siento sereno porque tengo un trabajo que valoro y un salario que me ofrece estabilidad financiera,Calma
Me siento serena porque tengo un trabajo que valoro y un salario que me ofrece estabilidad financiera,Calma
La seguridad laboral y el buen sueldo me brindan una sensación de tranquilidad y estabilidad,Calma
Estoy en calma porque tengo un empleo sólido y un salario que me permite planificar mi futuro,Calma
La paz que experimento se debe a tener un trabajo valorado y un sueldo adecuado,Calma
Me siento sereno y confiado gracias a tener un empleo estable y un buen salario,Calma
La estabilidad económica que me proporciona mi trabajo y mi sueldo me llena de tranquilidad,Calma
Estoy en armonía porque tengo un trabajo que me apasiona y un sueldo que me brinda seguridad,Calma
La sensación de calma que tengo se debe a tener un trabajo gratificante y un salario justo,Calma
Me siento en paz gracias a tener un empleo que me permite crecer profesionalmente y un sueldo que cubre mis necesidades,Calma
La estabilidad laboral y el buen sueldo me ayudan a mantener la calma y afrontar los desafíos con confianza,Calma
La seguridad financiera que me ofrece mi trabajo y mi sueldo me permite disfrutar de una vida tranquila y sin preocupaciones,Calma
Me siento en calma gracias a tener una familia que me brinda apoyo y amor,Calma
La tranquilidad que experimento se debe a tener una familia unida y amorosa,Calma
Estoy en calma gracias a tener una familia que me da fuerzas y seguridad,Calma
La paz que siento se debe a tener una familia que comparte momentos felices y armonía,Calma
Estoy tranquilo gracias a tener una familia que me ofrece compañía y bienestar emocional,Calma
Estoy tranquila gracias a tener una familia que me ofrece compañía y bienestar emocional,Calma
Me siento en armonía porque tengo una familia que me comprende y respalda en todo momento,Calma
La sensación de calma que experimento se debe a tener una familia que me hace sentir amado y valorado,Calma
La sensación de calma que experimento se debe a tener una familia que me hace sentir amada y valorada,Calma
Estoy en paz gracias a tener una familia que me brinda estabilidad y felicidad,Calma
La unidad y el afecto de mi familia me proporcionan tranquilidad y seguridad,Calma
Me siento sereno porque tengo una familia que me enseña el verdadero significado del amor y la paz,Calma
Me siento serena porque tengo una familia que me enseña el verdadero significado del amor y la paz,Calma
Estoy en calma gracias al apoyo incondicional y el cariño que recibo de mi familia,Calma
La tranquilidad que experimento se debe a la fortaleza y el amor que me brinda mi familia,Calma
Me siento en paz gracias a la unidad y la armonía que caracteriza a mi familia,Calma
La serenidad que siento se debe al ambiente de amor y comprensión que hay en mi familia,Calma
Estoy tranquilo gracias a la seguridad emocional y el afecto de mi familia,Calma
Estoy tranquila gracias a la seguridad emocional y el afecto de mi familia,Calma
Me encuentro en calma porque mi familia es mi refugio y mi fuente de felicidad,Calma
La sensación de paz que experimento se debe a la conexión profunda y los lazos afectivos que tengo con mi familia,Calma
Estoy en armonía gracias al sentido de pertenencia y la conexión emocional que tengo con mi familia,Calma
La estabilidad emocional y el respaldo de mi familia me brindan tranquilidad y confianza,Calma
Me siento sereno porque sé que puedo contar con el amor y el apoyo incondicional de mi familia en cualquier momento,Calma
Me siento serena porque sé que puedo contar con el amor y el apoyo incondicional de mi familia en cualquier momento,Calma
Me siento en calma gracias a tener amigos que me brindan apoyo y compañía,Calma
La tranquilidad que experimento se debe a tener amigos cercanos y leales,Calma
Estoy en calma gracias a contar con amigos que me hacen sentir comprendido y valorado,Calma
Estoy en calma gracias a contar con amigos que me hacen sentir comprendida y valorada,Calma
La paz que siento se debe a tener amigos con quienes puedo compartir momentos agradables y divertidos,Calma
Estoy tranquilo gracias a tener amigos en quienes puedo confiar y con quienes puedo ser yo mismo,Calma
Estoy tranquilo gracias a tener amigas en quienes puedo confiar y con quienes puedo ser yo misma,Calma
Me siento en armonía porque tengo amigos que me ayudan a enfrentar los desafíos de la vida con optimismo,Calma
La sensación de calma que experimento se debe a tener amigos que me ofrecen un ambiente de afecto y alegría,Calma
Estoy en paz gracias a tener amigos que me brindan compañía y enriquecen mi vida,Calma
La amistad y el compañerismo de mis amigos me proporcionan tranquilidad y bienestar emocional,Calma
Me siento sereno porque tengo amigos que me escuchan me comprenden y me apoyan en todo momento,Calma